--
-- PostgreSQL database dump
--

-- Dumped from database version 15.2
-- Dumped by pg_dump version 15.2

-- Started on 2023-06-07 23:56:40

SET statement_timeout = 0;
SET lock_timeout = 0;
SET idle_in_transaction_session_timeout = 0;
SET client_encoding = 'UTF8';
SET standard_conforming_strings = on;
SELECT pg_catalog.set_config('search_path', '', false);
SET check_function_bodies = false;
SET xmloption = content;
SET client_min_messages = warning;
SET row_security = off;

SET SESSION AUTHORIZATION 'postgres';

--
-- TOC entry 3471 (class 1262 OID 16713)
-- Name: proauto; Type: DATABASE; Schema: -; Owner: postgres
--

CREATE EXTENSION IF NOT EXISTS dblink SCHEMA public;

SELECT dblink_connect('hostaddr=127.0.0.1 port=5432 user=postgres password=1234');
DO
$do$
BEGIN
   IF EXISTS (SELECT FROM pg_database WHERE datname = 'proauto') THEN
      RAISE NOTICE 'Database already exists';  -- optional
   ELSE
      PERFORM dblink_exec('hostaddr=127.0.0.1 port=5432 user=postgres password=1234', 'CREATE DATABASE proauto');
   END IF;
END
$do$;

\connect "proauto"

SET statement_timeout = 0;
SET lock_timeout = 0;
SET idle_in_transaction_session_timeout = 0;
SET client_encoding = 'UTF8';
SET standard_conforming_strings = on;
SELECT pg_catalog.set_config('search_path', '', false);
SET check_function_bodies = false;
SET xmloption = content;
SET client_min_messages = warning;
SET row_security = off;

SET SESSION AUTHORIZATION 'pg_database_owner';

--
-- TOC entry 3472 (class 0 OID 0)
-- Dependencies: 4
-- Name: SCHEMA "public"; Type: COMMENT; Schema: -; Owner: pg_database_owner
--

COMMENT ON SCHEMA "public" IS 'standard public schema';


SET SESSION AUTHORIZATION 'postgres';

SET default_tablespace = '';

SET default_table_access_method = "heap";

--
-- TOC entry 221 (class 1259 OID 16737)
-- Name: auth_group; Type: TABLE; Schema: public; Owner: postgres
--

CREATE TABLE "public"."auth_group" (
    "id" integer NOT NULL,
    "name" character varying(150) NOT NULL
);


--
-- TOC entry 220 (class 1259 OID 16736)
-- Name: auth_group_id_seq; Type: SEQUENCE; Schema: public; Owner: postgres
--

ALTER TABLE "public"."auth_group" ALTER COLUMN "id" ADD GENERATED BY DEFAULT AS IDENTITY (
    SEQUENCE NAME "public"."auth_group_id_seq"
    START WITH 1
    INCREMENT BY 1
    NO MINVALUE
    NO MAXVALUE
    CACHE 1
);


--
-- TOC entry 223 (class 1259 OID 16745)
-- Name: auth_group_permissions; Type: TABLE; Schema: public; Owner: postgres
--

CREATE TABLE "public"."auth_group_permissions" (
    "id" bigint NOT NULL,
    "group_id" integer NOT NULL,
    "permission_id" integer NOT NULL
);


--
-- TOC entry 222 (class 1259 OID 16744)
-- Name: auth_group_permissions_id_seq; Type: SEQUENCE; Schema: public; Owner: postgres
--

ALTER TABLE "public"."auth_group_permissions" ALTER COLUMN "id" ADD GENERATED BY DEFAULT AS IDENTITY (
    SEQUENCE NAME "public"."auth_group_permissions_id_seq"
    START WITH 1
    INCREMENT BY 1
    NO MINVALUE
    NO MAXVALUE
    CACHE 1
);


--
-- TOC entry 219 (class 1259 OID 16731)
-- Name: auth_permission; Type: TABLE; Schema: public; Owner: postgres
--

CREATE TABLE "public"."auth_permission" (
    "id" integer NOT NULL,
    "name" character varying(255) NOT NULL,
    "content_type_id" integer NOT NULL,
    "codename" character varying(100) NOT NULL
);


--
-- TOC entry 218 (class 1259 OID 16730)
-- Name: auth_permission_id_seq; Type: SEQUENCE; Schema: public; Owner: postgres
--

ALTER TABLE "public"."auth_permission" ALTER COLUMN "id" ADD GENERATED BY DEFAULT AS IDENTITY (
    SEQUENCE NAME "public"."auth_permission_id_seq"
    START WITH 1
    INCREMENT BY 1
    NO MINVALUE
    NO MAXVALUE
    CACHE 1
);


--
-- TOC entry 225 (class 1259 OID 16751)
-- Name: auth_user; Type: TABLE; Schema: public; Owner: postgres
--

CREATE TABLE "public"."auth_user" (
    "id" integer NOT NULL,
    "password" character varying(128) NOT NULL,
    "last_login" timestamp with time zone,
    "is_superuser" boolean NOT NULL,
    "username" character varying(150) NOT NULL,
    "first_name" character varying(150) NOT NULL,
    "last_name" character varying(150) NOT NULL,
    "email" character varying(254) NOT NULL,
    "is_staff" boolean NOT NULL,
    "is_active" boolean NOT NULL,
    "date_joined" timestamp with time zone NOT NULL
);


--
-- TOC entry 227 (class 1259 OID 16759)
-- Name: auth_user_groups; Type: TABLE; Schema: public; Owner: postgres
--

CREATE TABLE "public"."auth_user_groups" (
    "id" bigint NOT NULL,
    "user_id" integer NOT NULL,
    "group_id" integer NOT NULL
);


--
-- TOC entry 226 (class 1259 OID 16758)
-- Name: auth_user_groups_id_seq; Type: SEQUENCE; Schema: public; Owner: postgres
--

ALTER TABLE "public"."auth_user_groups" ALTER COLUMN "id" ADD GENERATED BY DEFAULT AS IDENTITY (
    SEQUENCE NAME "public"."auth_user_groups_id_seq"
    START WITH 1
    INCREMENT BY 1
    NO MINVALUE
    NO MAXVALUE
    CACHE 1
);


--
-- TOC entry 224 (class 1259 OID 16750)
-- Name: auth_user_id_seq; Type: SEQUENCE; Schema: public; Owner: postgres
--

ALTER TABLE "public"."auth_user" ALTER COLUMN "id" ADD GENERATED BY DEFAULT AS IDENTITY (
    SEQUENCE NAME "public"."auth_user_id_seq"
    START WITH 1
    INCREMENT BY 1
    NO MINVALUE
    NO MAXVALUE
    CACHE 1
);


--
-- TOC entry 229 (class 1259 OID 16765)
-- Name: auth_user_user_permissions; Type: TABLE; Schema: public; Owner: postgres
--

CREATE TABLE "public"."auth_user_user_permissions" (
    "id" bigint NOT NULL,
    "user_id" integer NOT NULL,
    "permission_id" integer NOT NULL
);


--
-- TOC entry 228 (class 1259 OID 16764)
-- Name: auth_user_user_permissions_id_seq; Type: SEQUENCE; Schema: public; Owner: postgres
--

ALTER TABLE "public"."auth_user_user_permissions" ALTER COLUMN "id" ADD GENERATED BY DEFAULT AS IDENTITY (
    SEQUENCE NAME "public"."auth_user_user_permissions_id_seq"
    START WITH 1
    INCREMENT BY 1
    NO MINVALUE
    NO MAXVALUE
    CACHE 1
);


--
-- TOC entry 231 (class 1259 OID 16823)
-- Name: django_admin_log; Type: TABLE; Schema: public; Owner: postgres
--

CREATE TABLE "public"."django_admin_log" (
    "id" integer NOT NULL,
    "action_time" timestamp with time zone NOT NULL,
    "object_id" "text",
    "object_repr" character varying(200) NOT NULL,
    "action_flag" smallint NOT NULL,
    "change_message" "text" NOT NULL,
    "content_type_id" integer,
    "user_id" integer NOT NULL,
    CONSTRAINT "django_admin_log_action_flag_check" CHECK (("action_flag" >= 0))
);


--
-- TOC entry 230 (class 1259 OID 16822)
-- Name: django_admin_log_id_seq; Type: SEQUENCE; Schema: public; Owner: postgres
--

ALTER TABLE "public"."django_admin_log" ALTER COLUMN "id" ADD GENERATED BY DEFAULT AS IDENTITY (
    SEQUENCE NAME "public"."django_admin_log_id_seq"
    START WITH 1
    INCREMENT BY 1
    NO MINVALUE
    NO MAXVALUE
    CACHE 1
);


--
-- TOC entry 217 (class 1259 OID 16723)
-- Name: django_content_type; Type: TABLE; Schema: public; Owner: postgres
--

CREATE TABLE "public"."django_content_type" (
    "id" integer NOT NULL,
    "app_label" character varying(100) NOT NULL,
    "model" character varying(100) NOT NULL
);


--
-- TOC entry 216 (class 1259 OID 16722)
-- Name: django_content_type_id_seq; Type: SEQUENCE; Schema: public; Owner: postgres
--

ALTER TABLE "public"."django_content_type" ALTER COLUMN "id" ADD GENERATED BY DEFAULT AS IDENTITY (
    SEQUENCE NAME "public"."django_content_type_id_seq"
    START WITH 1
    INCREMENT BY 1
    NO MINVALUE
    NO MAXVALUE
    CACHE 1
);


--
-- TOC entry 215 (class 1259 OID 16715)
-- Name: django_migrations; Type: TABLE; Schema: public; Owner: postgres
--

CREATE TABLE "public"."django_migrations" (
    "id" bigint NOT NULL,
    "app" character varying(255) NOT NULL,
    "name" character varying(255) NOT NULL,
    "applied" timestamp with time zone NOT NULL
);


--
-- TOC entry 214 (class 1259 OID 16714)
-- Name: django_migrations_id_seq; Type: SEQUENCE; Schema: public; Owner: postgres
--

ALTER TABLE "public"."django_migrations" ALTER COLUMN "id" ADD GENERATED BY DEFAULT AS IDENTITY (
    SEQUENCE NAME "public"."django_migrations_id_seq"
    START WITH 1
    INCREMENT BY 1
    NO MINVALUE
    NO MAXVALUE
    CACHE 1
);


--
-- TOC entry 238 (class 1259 OID 16899)
-- Name: django_session; Type: TABLE; Schema: public; Owner: postgres
--

CREATE TABLE "public"."django_session" (
    "session_key" character varying(40) NOT NULL,
    "session_data" "text" NOT NULL,
    "expire_date" timestamp with time zone NOT NULL
);


--
-- TOC entry 237 (class 1259 OID 16868)
-- Name: services_imagesmodel; Type: TABLE; Schema: public; Owner: postgres
--

CREATE TABLE "public"."services_imagesmodel" (
    "id" bigint NOT NULL,
    "before_image" character varying(100) NOT NULL,
    "after_image" character varying(100) NOT NULL,
    "title" character varying(255) NOT NULL,
    "work_example_id_id" bigint NOT NULL
);


--
-- TOC entry 236 (class 1259 OID 16867)
-- Name: services_imagesmodel_id_seq; Type: SEQUENCE; Schema: public; Owner: postgres
--

ALTER TABLE "public"."services_imagesmodel" ALTER COLUMN "id" ADD GENERATED BY DEFAULT AS IDENTITY (
    SEQUENCE NAME "public"."services_imagesmodel_id_seq"
    START WITH 1
    INCREMENT BY 1
    NO MINVALUE
    NO MAXVALUE
    CACHE 1
);


--
-- TOC entry 233 (class 1259 OID 16852)
-- Name: services_servicemodel; Type: TABLE; Schema: public; Owner: postgres
--

CREATE TABLE "public"."services_servicemodel" (
    "id" bigint NOT NULL,
    "title" character varying(255) NOT NULL,
    "min_price" integer NOT NULL,
    "description" "text" NOT NULL
);


--
-- TOC entry 232 (class 1259 OID 16851)
-- Name: services_servicemodel_id_seq; Type: SEQUENCE; Schema: public; Owner: postgres
--

ALTER TABLE "public"."services_servicemodel" ALTER COLUMN "id" ADD GENERATED BY DEFAULT AS IDENTITY (
    SEQUENCE NAME "public"."services_servicemodel_id_seq"
    START WITH 1
    INCREMENT BY 1
    NO MINVALUE
    NO MAXVALUE
    CACHE 1
);


--
-- TOC entry 235 (class 1259 OID 16860)
-- Name: services_workexamplemodel; Type: TABLE; Schema: public; Owner: postgres
--

CREATE TABLE "public"."services_workexamplemodel" (
    "id" bigint NOT NULL,
    "description" "text" NOT NULL,
    "start_date" "date" NOT NULL,
    "end_date" "date" NOT NULL,
    "service_id_id" bigint NOT NULL
);


--
-- TOC entry 234 (class 1259 OID 16859)
-- Name: services_workexamplemodel_id_seq; Type: SEQUENCE; Schema: public; Owner: postgres
--

ALTER TABLE "public"."services_workexamplemodel" ALTER COLUMN "id" ADD GENERATED BY DEFAULT AS IDENTITY (
    SEQUENCE NAME "public"."services_workexamplemodel_id_seq"
    START WITH 1
    INCREMENT BY 1
    NO MINVALUE
    NO MAXVALUE
    CACHE 1
);


--
-- TOC entry 3448 (class 0 OID 16737)
-- Dependencies: 221
-- Data for Name: auth_group; Type: TABLE DATA; Schema: public; Owner: postgres
--



--
-- TOC entry 3450 (class 0 OID 16745)
-- Dependencies: 223
-- Data for Name: auth_group_permissions; Type: TABLE DATA; Schema: public; Owner: postgres
--



--
-- TOC entry 3446 (class 0 OID 16731)
-- Dependencies: 219
-- Data for Name: auth_permission; Type: TABLE DATA; Schema: public; Owner: postgres
--

INSERT INTO "public"."auth_permission" ("id", "name", "content_type_id", "codename") VALUES (1, 'Can add log entry', 1, 'add_logentry');
INSERT INTO "public"."auth_permission" ("id", "name", "content_type_id", "codename") VALUES (2, 'Can change log entry', 1, 'change_logentry');
INSERT INTO "public"."auth_permission" ("id", "name", "content_type_id", "codename") VALUES (3, 'Can delete log entry', 1, 'delete_logentry');
INSERT INTO "public"."auth_permission" ("id", "name", "content_type_id", "codename") VALUES (4, 'Can view log entry', 1, 'view_logentry');
INSERT INTO "public"."auth_permission" ("id", "name", "content_type_id", "codename") VALUES (5, 'Can add permission', 2, 'add_permission');
INSERT INTO "public"."auth_permission" ("id", "name", "content_type_id", "codename") VALUES (6, 'Can change permission', 2, 'change_permission');
INSERT INTO "public"."auth_permission" ("id", "name", "content_type_id", "codename") VALUES (7, 'Can delete permission', 2, 'delete_permission');
INSERT INTO "public"."auth_permission" ("id", "name", "content_type_id", "codename") VALUES (8, 'Can view permission', 2, 'view_permission');
INSERT INTO "public"."auth_permission" ("id", "name", "content_type_id", "codename") VALUES (9, 'Can add group', 3, 'add_group');
INSERT INTO "public"."auth_permission" ("id", "name", "content_type_id", "codename") VALUES (10, 'Can change group', 3, 'change_group');
INSERT INTO "public"."auth_permission" ("id", "name", "content_type_id", "codename") VALUES (11, 'Can delete group', 3, 'delete_group');
INSERT INTO "public"."auth_permission" ("id", "name", "content_type_id", "codename") VALUES (12, 'Can view group', 3, 'view_group');
INSERT INTO "public"."auth_permission" ("id", "name", "content_type_id", "codename") VALUES (13, 'Can add user', 4, 'add_user');
INSERT INTO "public"."auth_permission" ("id", "name", "content_type_id", "codename") VALUES (14, 'Can change user', 4, 'change_user');
INSERT INTO "public"."auth_permission" ("id", "name", "content_type_id", "codename") VALUES (15, 'Can delete user', 4, 'delete_user');
INSERT INTO "public"."auth_permission" ("id", "name", "content_type_id", "codename") VALUES (16, 'Can view user', 4, 'view_user');
INSERT INTO "public"."auth_permission" ("id", "name", "content_type_id", "codename") VALUES (17, 'Can add content type', 5, 'add_contenttype');
INSERT INTO "public"."auth_permission" ("id", "name", "content_type_id", "codename") VALUES (18, 'Can change content type', 5, 'change_contenttype');
INSERT INTO "public"."auth_permission" ("id", "name", "content_type_id", "codename") VALUES (19, 'Can delete content type', 5, 'delete_contenttype');
INSERT INTO "public"."auth_permission" ("id", "name", "content_type_id", "codename") VALUES (20, 'Can view content type', 5, 'view_contenttype');
INSERT INTO "public"."auth_permission" ("id", "name", "content_type_id", "codename") VALUES (21, 'Can add session', 6, 'add_session');
INSERT INTO "public"."auth_permission" ("id", "name", "content_type_id", "codename") VALUES (22, 'Can change session', 6, 'change_session');
INSERT INTO "public"."auth_permission" ("id", "name", "content_type_id", "codename") VALUES (23, 'Can delete session', 6, 'delete_session');
INSERT INTO "public"."auth_permission" ("id", "name", "content_type_id", "codename") VALUES (24, 'Can view session', 6, 'view_session');
INSERT INTO "public"."auth_permission" ("id", "name", "content_type_id", "codename") VALUES (25, 'Can add Услуга', 7, 'add_servicemodel');
INSERT INTO "public"."auth_permission" ("id", "name", "content_type_id", "codename") VALUES (26, 'Can change Услуга', 7, 'change_servicemodel');
INSERT INTO "public"."auth_permission" ("id", "name", "content_type_id", "codename") VALUES (27, 'Can delete Услуга', 7, 'delete_servicemodel');
INSERT INTO "public"."auth_permission" ("id", "name", "content_type_id", "codename") VALUES (28, 'Can view Услуга', 7, 'view_servicemodel');
INSERT INTO "public"."auth_permission" ("id", "name", "content_type_id", "codename") VALUES (29, 'Can add Пример работы', 8, 'add_workexamplemodel');
INSERT INTO "public"."auth_permission" ("id", "name", "content_type_id", "codename") VALUES (30, 'Can change Пример работы', 8, 'change_workexamplemodel');
INSERT INTO "public"."auth_permission" ("id", "name", "content_type_id", "codename") VALUES (31, 'Can delete Пример работы', 8, 'delete_workexamplemodel');
INSERT INTO "public"."auth_permission" ("id", "name", "content_type_id", "codename") VALUES (32, 'Can view Пример работы', 8, 'view_workexamplemodel');
INSERT INTO "public"."auth_permission" ("id", "name", "content_type_id", "codename") VALUES (33, 'Can add images model', 9, 'add_imagesmodel');
INSERT INTO "public"."auth_permission" ("id", "name", "content_type_id", "codename") VALUES (34, 'Can change images model', 9, 'change_imagesmodel');
INSERT INTO "public"."auth_permission" ("id", "name", "content_type_id", "codename") VALUES (35, 'Can delete images model', 9, 'delete_imagesmodel');
INSERT INTO "public"."auth_permission" ("id", "name", "content_type_id", "codename") VALUES (36, 'Can view images model', 9, 'view_imagesmodel');


--
-- TOC entry 3452 (class 0 OID 16751)
-- Dependencies: 225
-- Data for Name: auth_user; Type: TABLE DATA; Schema: public; Owner: postgres
--

INSERT INTO "public"."auth_user" ("id", "password", "last_login", "is_superuser", "username", "first_name", "last_name", "email", "is_staff", "is_active", "date_joined") VALUES (1, 'pbkdf2_sha256$600000$1uNDsCjWNPr01tfNH4Q2vo$AL9q50COuZ2AU/fddMfYzfp5vaFX2T6s3Rd28rJenwY=', '2023-06-04 14:53:14.455697+05', true, 'admin', '', '', 'admin@admin.ru', true, true, '2023-05-07 17:51:40.097631+05');


--
-- TOC entry 3454 (class 0 OID 16759)
-- Dependencies: 227
-- Data for Name: auth_user_groups; Type: TABLE DATA; Schema: public; Owner: postgres
--



--
-- TOC entry 3456 (class 0 OID 16765)
-- Dependencies: 229
-- Data for Name: auth_user_user_permissions; Type: TABLE DATA; Schema: public; Owner: postgres
--



--
-- TOC entry 3458 (class 0 OID 16823)
-- Dependencies: 231
-- Data for Name: django_admin_log; Type: TABLE DATA; Schema: public; Owner: postgres
--

INSERT INTO "public"."django_admin_log" ("id", "action_time", "object_id", "object_repr", "action_flag", "change_message", "content_type_id", "user_id") VALUES (1, '2023-05-07 17:54:36.060302+05', '1', 'test', 1, '[{"added": {}}]', 7, 1);
INSERT INTO "public"."django_admin_log" ("id", "action_time", "object_id", "object_repr", "action_flag", "change_message", "content_type_id", "user_id") VALUES (2, '2023-05-07 17:55:46.329802+05', '1', 'WorkExampleModel object (1)', 1, '[{"added": {}}]', 8, 1);
INSERT INTO "public"."django_admin_log" ("id", "action_time", "object_id", "object_repr", "action_flag", "change_message", "content_type_id", "user_id") VALUES (3, '2023-05-07 17:56:32.941792+05', '1', 'ImagesModel object (1)', 1, '[{"added": {}}]', 9, 1);
INSERT INTO "public"."django_admin_log" ("id", "action_time", "object_id", "object_repr", "action_flag", "change_message", "content_type_id", "user_id") VALUES (4, '2023-05-07 18:00:01.57083+05', '1', 'Ремонт ходовой части', 2, '[{"changed": {"fields": ["\u041d\u0430\u0437\u0432\u0430\u043d\u0438\u0435"]}}]', 7, 1);
INSERT INTO "public"."django_admin_log" ("id", "action_time", "object_id", "object_repr", "action_flag", "change_message", "content_type_id", "user_id") VALUES (5, '2023-05-07 18:22:40.004519+05', '1', 'Ремонт ходовой части', 2, '[{"changed": {"name": "\u041f\u0440\u0438\u043c\u0435\u0440 \u0440\u0430\u0431\u043e\u0442\u044b", "object": "\u0414\u043b\u044f \u0443\u0441\u043b\u0443\u0433\u0438 \"\u0420\u0435\u043c\u043e\u043d\u0442 \u0445\u043e\u0434\u043e\u0432\u043e\u0439 \u0447\u0430\u0441\u0442\u0438\"", "fields": ["Description", "Images id"]}}]', 7, 1);
INSERT INTO "public"."django_admin_log" ("id", "action_time", "object_id", "object_repr", "action_flag", "change_message", "content_type_id", "user_id") VALUES (6, '2023-05-07 18:23:14.876437+05', '1', 'Ремонт ходовой части', 2, '[{"changed": {"fields": ["\u041e\u043f\u0438\u0441\u0430\u043d\u0438\u0435"]}}]', 7, 1);
INSERT INTO "public"."django_admin_log" ("id", "action_time", "object_id", "object_repr", "action_flag", "change_message", "content_type_id", "user_id") VALUES (7, '2023-05-07 18:38:53.068475+05', '1', 'ImagesModel object (1)', 2, '[{"changed": {"fields": ["\u0418\u0437\u043e\u0431\u0440\u0430\u0436\u0435\u043d\u0438\u0435 \u0434\u043e", "\u0418\u0437\u043e\u0431\u0440\u0430\u0436\u0435\u043d\u0438\u0435 \u043f\u043e\u0441\u043b\u0435"]}}]', 9, 1);
INSERT INTO "public"."django_admin_log" ("id", "action_time", "object_id", "object_repr", "action_flag", "change_message", "content_type_id", "user_id") VALUES (8, '2023-05-07 18:40:07.993128+05', '1', 'ImagesModel object (1)', 2, '[{"changed": {"fields": ["\u0418\u0437\u043e\u0431\u0440\u0430\u0436\u0435\u043d\u0438\u0435 \u0434\u043e", "\u0418\u0437\u043e\u0431\u0440\u0430\u0436\u0435\u043d\u0438\u0435 \u043f\u043e\u0441\u043b\u0435"]}}]', 9, 1);
INSERT INTO "public"."django_admin_log" ("id", "action_time", "object_id", "object_repr", "action_flag", "change_message", "content_type_id", "user_id") VALUES (9, '2023-05-07 18:42:23.875675+05', '1', 'ImagesModel object (1)', 2, '[{"changed": {"fields": ["\u0418\u0437\u043e\u0431\u0440\u0430\u0436\u0435\u043d\u0438\u0435 \u0434\u043e", "\u0418\u0437\u043e\u0431\u0440\u0430\u0436\u0435\u043d\u0438\u0435 \u043f\u043e\u0441\u043b\u0435"]}}]', 9, 1);
INSERT INTO "public"."django_admin_log" ("id", "action_time", "object_id", "object_repr", "action_flag", "change_message", "content_type_id", "user_id") VALUES (10, '2023-05-07 18:47:57.247101+05', '1', 'Skoda Rapid', 2, '[{"changed": {"fields": ["\u041d\u0430\u0437\u0432\u0430\u043d\u0438\u0435"]}}]', 9, 1);
INSERT INTO "public"."django_admin_log" ("id", "action_time", "object_id", "object_repr", "action_flag", "change_message", "content_type_id", "user_id") VALUES (11, '2023-05-07 18:48:45.500859+05', '2', 'test', 1, '[{"added": {}}]', 9, 1);
INSERT INTO "public"."django_admin_log" ("id", "action_time", "object_id", "object_repr", "action_flag", "change_message", "content_type_id", "user_id") VALUES (12, '2023-05-07 18:49:09.600492+05', '1', 'Ремонт ходовой части', 2, '[{"changed": {"name": "\u041f\u0440\u0438\u043c\u0435\u0440 \u0440\u0430\u0431\u043e\u0442\u044b", "object": "\u0414\u043b\u044f \u0443\u0441\u043b\u0443\u0433\u0438 \"\u0420\u0435\u043c\u043e\u043d\u0442 \u0445\u043e\u0434\u043e\u0432\u043e\u0439 \u0447\u0430\u0441\u0442\u0438\"", "fields": ["\u0424\u043e\u0442\u043e \u0440\u0430\u0431\u043e\u0442"]}}]', 7, 1);
INSERT INTO "public"."django_admin_log" ("id", "action_time", "object_id", "object_repr", "action_flag", "change_message", "content_type_id", "user_id") VALUES (13, '2023-05-09 14:15:03.235166+05', '2', 'Ремонт ДВС любой сложности', 1, '[{"added": {}}]', 7, 1);
INSERT INTO "public"."django_admin_log" ("id", "action_time", "object_id", "object_repr", "action_flag", "change_message", "content_type_id", "user_id") VALUES (14, '2023-05-09 14:49:05.28421+05', '2', 'Ремонт ДВС любой сложности', 2, '[{"added": {"name": "\u041f\u0440\u0438\u043c\u0435\u0440 \u0440\u0430\u0431\u043e\u0442\u044b", "object": "\u0414\u043b\u044f \u0443\u0441\u043b\u0443\u0433\u0438 \"\u0420\u0435\u043c\u043e\u043d\u0442 \u0414\u0412\u0421 \u043b\u044e\u0431\u043e\u0439 \u0441\u043b\u043e\u0436\u043d\u043e\u0441\u0442\u0438\""}}, {"added": {"name": "\u0418\u0437\u043e\u0431\u0440\u0430\u0436\u0435\u043d\u0438\u044f", "object": "Volkswagen Golf 1,9TDI 90\u043b\u0441. \u0423\u043d\u0438\u0432\u0435\u0440\u0441\u0430\u043b"}}]', 7, 1);
INSERT INTO "public"."django_admin_log" ("id", "action_time", "object_id", "object_repr", "action_flag", "change_message", "content_type_id", "user_id") VALUES (15, '2023-05-09 14:57:50.207196+05', '2', 'Ремонт ДВС любой сложности', 2, '[{"added": {"name": "\u041f\u0440\u0438\u043c\u0435\u0440 \u0440\u0430\u0431\u043e\u0442\u044b", "object": "\u0414\u043b\u044f \u0443\u0441\u043b\u0443\u0433\u0438 \"\u0420\u0435\u043c\u043e\u043d\u0442 \u0414\u0412\u0421 \u043b\u044e\u0431\u043e\u0439 \u0441\u043b\u043e\u0436\u043d\u043e\u0441\u0442\u0438\""}}, {"added": {"name": "\u0418\u0437\u043e\u0431\u0440\u0430\u0436\u0435\u043d\u0438\u044f", "object": "LADA 21013 \u0411\u0435\u043d\u0437\u0438\u043d\u043e\u0432\u044b\u0439"}}]', 7, 1);
INSERT INTO "public"."django_admin_log" ("id", "action_time", "object_id", "object_repr", "action_flag", "change_message", "content_type_id", "user_id") VALUES (16, '2023-06-04 14:56:31.237718+05', '3', 'Компьютерная диагностика', 1, '[{"added": {}}]', 7, 1);
INSERT INTO "public"."django_admin_log" ("id", "action_time", "object_id", "object_repr", "action_flag", "change_message", "content_type_id", "user_id") VALUES (17, '2023-06-04 16:25:25.868437+05', '3', 'Компьютерная диагностика', 2, '[{"changed": {"fields": ["\u041e\u043f\u0438\u0441\u0430\u043d\u0438\u0435"]}}]', 7, 1);
INSERT INTO "public"."django_admin_log" ("id", "action_time", "object_id", "object_repr", "action_flag", "change_message", "content_type_id", "user_id") VALUES (18, '2023-06-04 16:27:44.114136+05', '4', 'Запчасти под заказ', 1, '[{"added": {}}]', 7, 1);
INSERT INTO "public"."django_admin_log" ("id", "action_time", "object_id", "object_repr", "action_flag", "change_message", "content_type_id", "user_id") VALUES (19, '2023-06-04 16:31:41.18981+05', '5', 'Техническое обслуживание', 1, '[{"added": {}}]', 7, 1);
INSERT INTO "public"."django_admin_log" ("id", "action_time", "object_id", "object_repr", "action_flag", "change_message", "content_type_id", "user_id") VALUES (20, '2023-06-04 16:33:56.439275+05', '3', 'Компьютерная диагностика', 2, '[{"changed": {"fields": ["\u041e\u043f\u0438\u0441\u0430\u043d\u0438\u0435"]}}]', 7, 1);
INSERT INTO "public"."django_admin_log" ("id", "action_time", "object_id", "object_repr", "action_flag", "change_message", "content_type_id", "user_id") VALUES (21, '2023-06-04 16:35:03.23084+05', '1', 'Ремонт ходовой части', 2, '[{"changed": {"fields": ["\u041e\u043f\u0438\u0441\u0430\u043d\u0438\u0435"]}}]', 7, 1);
INSERT INTO "public"."django_admin_log" ("id", "action_time", "object_id", "object_repr", "action_flag", "change_message", "content_type_id", "user_id") VALUES (22, '2023-06-04 16:37:35.97537+05', '6', 'Ремонт МКПП, АКПП', 1, '[{"added": {}}]', 7, 1);
INSERT INTO "public"."django_admin_log" ("id", "action_time", "object_id", "object_repr", "action_flag", "change_message", "content_type_id", "user_id") VALUES (23, '2023-06-04 16:37:54.680482+05', '5', 'Техническое обслуживание', 2, '[{"changed": {"fields": ["\u041e\u043f\u0438\u0441\u0430\u043d\u0438\u0435"]}}]', 7, 1);
INSERT INTO "public"."django_admin_log" ("id", "action_time", "object_id", "object_repr", "action_flag", "change_message", "content_type_id", "user_id") VALUES (24, '2023-06-04 16:38:05.233384+05', '2', 'Ремонт ДВС любой сложности', 2, '[{"changed": {"fields": ["\u041e\u043f\u0438\u0441\u0430\u043d\u0438\u0435"]}}]', 7, 1);
INSERT INTO "public"."django_admin_log" ("id", "action_time", "object_id", "object_repr", "action_flag", "change_message", "content_type_id", "user_id") VALUES (25, '2023-06-04 16:42:16.294975+05', '7', 'Замена масел, тех. жидкостей', 1, '[{"added": {}}]', 7, 1);
INSERT INTO "public"."django_admin_log" ("id", "action_time", "object_id", "object_repr", "action_flag", "change_message", "content_type_id", "user_id") VALUES (26, '2023-06-04 16:45:54.284645+05', '8', 'Обслуживание и ремонт тормозной системы', 1, '[{"added": {}}]', 7, 1);


--
-- TOC entry 3444 (class 0 OID 16723)
-- Dependencies: 217
-- Data for Name: django_content_type; Type: TABLE DATA; Schema: public; Owner: postgres
--

INSERT INTO "public"."django_content_type" ("id", "app_label", "model") VALUES (1, 'admin', 'logentry');
INSERT INTO "public"."django_content_type" ("id", "app_label", "model") VALUES (2, 'auth', 'permission');
INSERT INTO "public"."django_content_type" ("id", "app_label", "model") VALUES (3, 'auth', 'group');
INSERT INTO "public"."django_content_type" ("id", "app_label", "model") VALUES (4, 'auth', 'user');
INSERT INTO "public"."django_content_type" ("id", "app_label", "model") VALUES (5, 'contenttypes', 'contenttype');
INSERT INTO "public"."django_content_type" ("id", "app_label", "model") VALUES (6, 'sessions', 'session');
INSERT INTO "public"."django_content_type" ("id", "app_label", "model") VALUES (7, 'services', 'servicemodel');
INSERT INTO "public"."django_content_type" ("id", "app_label", "model") VALUES (8, 'services', 'workexamplemodel');
INSERT INTO "public"."django_content_type" ("id", "app_label", "model") VALUES (9, 'services', 'imagesmodel');


--
-- TOC entry 3442 (class 0 OID 16715)
-- Dependencies: 215
-- Data for Name: django_migrations; Type: TABLE DATA; Schema: public; Owner: postgres
--

INSERT INTO "public"."django_migrations" ("id", "app", "name", "applied") VALUES (1, 'contenttypes', '0001_initial', '2023-05-07 17:44:57.744734+05');
INSERT INTO "public"."django_migrations" ("id", "app", "name", "applied") VALUES (2, 'auth', '0001_initial', '2023-05-07 17:44:57.809274+05');
INSERT INTO "public"."django_migrations" ("id", "app", "name", "applied") VALUES (3, 'admin', '0001_initial', '2023-05-07 17:44:57.8263+05');
INSERT INTO "public"."django_migrations" ("id", "app", "name", "applied") VALUES (4, 'admin', '0002_logentry_remove_auto_add', '2023-05-07 17:44:57.829299+05');
INSERT INTO "public"."django_migrations" ("id", "app", "name", "applied") VALUES (5, 'admin', '0003_logentry_add_action_flag_choices', '2023-05-07 17:44:57.833299+05');
INSERT INTO "public"."django_migrations" ("id", "app", "name", "applied") VALUES (6, 'contenttypes', '0002_remove_content_type_name', '2023-05-07 17:44:57.8413+05');
INSERT INTO "public"."django_migrations" ("id", "app", "name", "applied") VALUES (7, 'auth', '0002_alter_permission_name_max_length', '2023-05-07 17:44:57.846299+05');
INSERT INTO "public"."django_migrations" ("id", "app", "name", "applied") VALUES (8, 'auth', '0003_alter_user_email_max_length', '2023-05-07 17:44:57.8493+05');
INSERT INTO "public"."django_migrations" ("id", "app", "name", "applied") VALUES (9, 'auth', '0004_alter_user_username_opts', '2023-05-07 17:44:57.853299+05');
INSERT INTO "public"."django_migrations" ("id", "app", "name", "applied") VALUES (10, 'auth', '0005_alter_user_last_login_null', '2023-05-07 17:44:57.856804+05');
INSERT INTO "public"."django_migrations" ("id", "app", "name", "applied") VALUES (11, 'auth', '0006_require_contenttypes_0002', '2023-05-07 17:44:57.857804+05');
INSERT INTO "public"."django_migrations" ("id", "app", "name", "applied") VALUES (12, 'auth', '0007_alter_validators_add_error_messages', '2023-05-07 17:44:57.861804+05');
INSERT INTO "public"."django_migrations" ("id", "app", "name", "applied") VALUES (13, 'auth', '0008_alter_user_username_max_length', '2023-05-07 17:44:57.869208+05');
INSERT INTO "public"."django_migrations" ("id", "app", "name", "applied") VALUES (14, 'auth', '0009_alter_user_last_name_max_length', '2023-05-07 17:44:57.873211+05');
INSERT INTO "public"."django_migrations" ("id", "app", "name", "applied") VALUES (15, 'auth', '0010_alter_group_name_max_length', '2023-05-07 17:44:57.878211+05');
INSERT INTO "public"."django_migrations" ("id", "app", "name", "applied") VALUES (16, 'auth', '0011_update_proxy_permissions', '2023-05-07 17:44:57.88221+05');
INSERT INTO "public"."django_migrations" ("id", "app", "name", "applied") VALUES (17, 'auth', '0012_alter_user_first_name_max_length', '2023-05-07 17:44:57.886211+05');
INSERT INTO "public"."django_migrations" ("id", "app", "name", "applied") VALUES (18, 'services', '0001_initial', '2023-05-07 17:44:57.917886+05');
INSERT INTO "public"."django_migrations" ("id", "app", "name", "applied") VALUES (19, 'sessions', '0001_initial', '2023-05-07 17:44:57.928316+05');
INSERT INTO "public"."django_migrations" ("id", "app", "name", "applied") VALUES (20, 'services', '0002_remove_imagesmodel_work_example_id_and_more', '2023-05-07 18:15:03.273651+05');
INSERT INTO "public"."django_migrations" ("id", "app", "name", "applied") VALUES (21, 'services', '0003_imagesmodel_title_alter_imagesmodel_after_image_and_more', '2023-05-07 18:47:14.773551+05');
INSERT INTO "public"."django_migrations" ("id", "app", "name", "applied") VALUES (22, 'services', '0004_alter_imagesmodel_options_and_more', '2023-05-07 19:03:11.406486+05');
INSERT INTO "public"."django_migrations" ("id", "app", "name", "applied") VALUES (23, 'services', '0005_alter_imagesmodel_work_example_id_and_more', '2023-05-09 00:28:13.170337+05');


--
-- TOC entry 3465 (class 0 OID 16899)
-- Dependencies: 238
-- Data for Name: django_session; Type: TABLE DATA; Schema: public; Owner: postgres
--

INSERT INTO "public"."django_session" ("session_key", "session_data", "expire_date") VALUES ('4nnkiyj88j0ty8n08i8zlkmdl4n8l2yl', '.eJxVjEEOwiAQRe_C2pAOUhlcuu8ZyMAMUjU0Ke3KeHfbpAvd_vfef6tA61LC2mQOI6urAnX63SKlp9Qd8IPqfdJpqss8Rr0r-qBNDxPL63a4fweFWtlqmw2S9SZbbzmySwbBZ_EdZeILnG2K6JwA9AgOkiGUKJ2PLqdN6VF9vulaOD8:1pvdri:u2AumCaRBP9xZBAn3cGHPDGl2qO9YvIbVUC1ujW-zvI', '2023-05-21 17:51:50.77666+05');
INSERT INTO "public"."django_session" ("session_key", "session_data", "expire_date") VALUES ('w4oyb0llsw2m7argn5nu9us1m31q6hmv', '.eJxVjEEOwiAQRe_C2pAOUhlcuu8ZyMAMUjU0Ke3KeHfbpAvd_vfef6tA61LC2mQOI6urAnX63SKlp9Qd8IPqfdJpqss8Rr0r-qBNDxPL63a4fweFWtlqmw2S9SZbbzmySwbBZ_EdZeILnG2K6JwA9AgOkiGUKJ2PLqdN6VF9vulaOD8:1q0bfH:u-kKJKNAz4YM8nicmLThHeMx6uk40cf43a53W82-pGc', '2023-06-04 10:31:31.585151+05');
INSERT INTO "public"."django_session" ("session_key", "session_data", "expire_date") VALUES ('bcw9go1fdflxbibwfqz1abtm20oz0sam', '.eJxVjEEOwiAQRe_C2pAOUhlcuu8ZyMAMUjU0Ke3KeHfbpAvd_vfef6tA61LC2mQOI6urAnX63SKlp9Qd8IPqfdJpqss8Rr0r-qBNDxPL63a4fweFWtlqmw2S9SZbbzmySwbBZ_EdZeILnG2K6JwA9AgOkiGUKJ2PLqdN6VF9vulaOD8:1q5kQE:mQ3WdDJnga_TjXRZIIc08NzAENVa0nhh6Smy1xyXiPI', '2023-06-18 14:53:14.460697+05');


--
-- TOC entry 3464 (class 0 OID 16868)
-- Dependencies: 237
-- Data for Name: services_imagesmodel; Type: TABLE DATA; Schema: public; Owner: postgres
--

INSERT INTO "public"."services_imagesmodel" ("id", "before_image", "after_image", "title", "work_example_id_id") VALUES (1, 'static/services/images/Снимок4.PNG', 'static/services/images/Снимок3.PNG', 'Skoda Rapid', 1);
INSERT INTO "public"."services_imagesmodel" ("id", "before_image", "after_image", "title", "work_example_id_id") VALUES (2, 'static/services/images/IMG-20230502-WA0002.jpg', 'static/services/images/IMG-20230502-WA0003.jpg', 'test', 1);
INSERT INTO "public"."services_imagesmodel" ("id", "before_image", "after_image", "title", "work_example_id_id") VALUES (3, 'static/services/images/before.jpg', 'static/services/images/after.jpg', 'Volkswagen Golf 1,9TDI 90лс. Универсал', 2);
INSERT INTO "public"."services_imagesmodel" ("id", "before_image", "after_image", "title", "work_example_id_id") VALUES (4, 'static/services/images/a8fdc8as-960.jpg', 'static/services/images/ddfdc8as-960.jpg', 'LADA 21013 Бензиновый', 3);


--
-- TOC entry 3460 (class 0 OID 16852)
-- Dependencies: 233
-- Data for Name: services_servicemodel; Type: TABLE DATA; Schema: public; Owner: postgres
--

INSERT INTO "public"."services_servicemodel" ("id", "title", "min_price", "description") VALUES (6, 'Ремонт МКПП, АКПП', 3000, 'Если этот момент настал, и ваша коробка переключения передач требует вмешательства специалистов по ремонту КПП, то есть 3 варианта. 
1) Поставить новую коробку передач, что, конечно, лучший вариант, но, во-первых, цена кусается, а во-вторых, она может уже не выпускаться. 
2) Поставить бывшую в употреблении коробку передач, в этом случае стоимость коробки выглядит привлекательней. Но тогда есть такой нюанс, как ресурс, ведь сколько прослужит эта коробка, никто не знает.
3) Ремонте вашей родной коробки, в этом случае будут поставлены новые запчасти. Обязательно дается гарантия на ремонт и установленные запчасти.');
INSERT INTO "public"."services_servicemodel" ("id", "title", "min_price", "description") VALUES (5, 'Техническое обслуживание', 1000, '- Диагностика автомобиля в целом или отдельных его агрегатов.
- Регулировка систем/узлов.
- Выполнение работ по регламентной замене деталей и/или технических жидкостей.');
INSERT INTO "public"."services_servicemodel" ("id", "title", "min_price", "description") VALUES (2, 'Ремонт ДВС любой сложности', 10000, 'Наша специализация:

- Капитальный Ремонт Двигателей
- Ремонт Головки блока цилиндров
- Ремонт блока цилиндров
- Ремонт Коленвала и Шатунов

Наши производственные возможности, подкрепленные профессионализмом наших мастеров, позволяют выполнять ремонт любой сложности: начиная от расточки блока, заканчивая полным восстановлением непригодного к эксплуатации агрегата.

Современное оборудование по ремонту бензиновых и дизельных двигателей и наши технически грамотные специалисты всегда могут предложить вам компромиссное решение по ремонту вашего двигателя для экономии ваших денежных средств. Реальная экономия на капительном ремонте до 40%.');
INSERT INTO "public"."services_servicemodel" ("id", "title", "min_price", "description") VALUES (4, 'Запчасти под заказ', 100, 'Можем заказать большинство запчастей для вашего авто.');
INSERT INTO "public"."services_servicemodel" ("id", "title", "min_price", "description") VALUES (3, 'Компьютерная диагностика', 500, 'Если вы решили провести диагностику у нас, вам доступны следующие работы:

-сброс всех ошибок;
-проверка электронных систем авто;
-адаптация к обновленным системам;
-проверка КПП/АКПП, двигателя, выхлопной и топливной систем;
-проверка объема расходов топлива;
-анализ работы систем безопасности, ABS/ESP;
-проверка работы на холостых оборотах;
-испытание датчиков кислорода и расхода воздуха.
От процедуры сканирования во многом зависит общее состояние и работоспособность авто. Выполнить компьютерную диагностику автомобиля в Уфе можно только с помощью профессионального оборудования, которым в полной мере обладает сервис «ProAuto». Если вам важно оставаться на ходу каждый день, обратитесь к проверенным мастерам.');
INSERT INTO "public"."services_servicemodel" ("id", "title", "min_price", "description") VALUES (1, 'Ремонт ходовой части', 1000, 'Наши мастера проверяют состояние следующих элементов:
-подвески (с детальной проверкой всех основных узлов);
-амортизаторов и пружин;
-шаровых опор и рулевых наконечников;
-рулевого механизма;
-подшипников ступиц;
-тормозной системы.

Ремонт ходовой части происходит по следующей схеме:
-демонтаж узлов;
-ремонт, либо замена указанных деталей;
-обратная сборка ходовой части;
-регулировка при необходимости, развал-схождение.');
INSERT INTO "public"."services_servicemodel" ("id", "title", "min_price", "description") VALUES (7, 'Замена масел, тех. жидкостей', 1000, 'В ProAuto выполняется замена жидкости в ГУР. Гидроусилитель руля устанавливается на автомобиле для обеспечения плавности в управлении транспортным средством. Для эффективной работы требуется достаточный уровень объема жидкости.

Также производится замена тормозной жидкости. От работоспособности этой системы зависит безопасность водителя, пассажиров и других участников дорожного движения. 
Специалисты подбирают тормозную жидкость в соответствии с рекомендациями завода-изготовителя. Производитель указывает оптимальную марку, уровень вязкости и другие характеристики.

Также клиенты могут обратиться к специалистам, чтобы произвести замену охлаждающей жидкости. Мастера подберут тосол или антифриз высокого качества.');
INSERT INTO "public"."services_servicemodel" ("id", "title", "min_price", "description") VALUES (8, 'Обслуживание и ремонт тормозной системы', 500, 'Обслуживание тормозной системы автомобиля включает в себя операции:

- Замена колодок и дисков
- Очистка и смазка тормозных суппортов
- Проверка и замена тормозной жидкости
- Обработка прилегающих поверхностей антипригарными составами, защита тормозных шлангов.');


--
-- TOC entry 3462 (class 0 OID 16860)
-- Dependencies: 235
-- Data for Name: services_workexamplemodel; Type: TABLE DATA; Schema: public; Owner: postgres
--

INSERT INTO "public"."services_workexamplemodel" ("id", "description", "start_date", "end_date", "service_id_id") VALUES (1, 'Пример работы1', '2023-05-01', '2023-05-07', 1);
INSERT INTO "public"."services_workexamplemodel" ("id", "description", "start_date", "end_date", "service_id_id") VALUES (2, 'Ремонт гидроудара на дизельном двигателе', '2023-05-01', '2023-05-09', 2);
INSERT INTO "public"."services_workexamplemodel" ("id", "description", "start_date", "end_date", "service_id_id") VALUES (3, 'Капиталка двигателя при масложоре', '2023-05-01', '2023-05-09', 2);


--
-- TOC entry 3473 (class 0 OID 0)
-- Dependencies: 220
-- Name: auth_group_id_seq; Type: SEQUENCE SET; Schema: public; Owner: postgres
--

SELECT pg_catalog.setval('"public"."auth_group_id_seq"', 1, false);


--
-- TOC entry 3474 (class 0 OID 0)
-- Dependencies: 222
-- Name: auth_group_permissions_id_seq; Type: SEQUENCE SET; Schema: public; Owner: postgres
--

SELECT pg_catalog.setval('"public"."auth_group_permissions_id_seq"', 1, false);


--
-- TOC entry 3475 (class 0 OID 0)
-- Dependencies: 218
-- Name: auth_permission_id_seq; Type: SEQUENCE SET; Schema: public; Owner: postgres
--

SELECT pg_catalog.setval('"public"."auth_permission_id_seq"', 36, true);


--
-- TOC entry 3476 (class 0 OID 0)
-- Dependencies: 226
-- Name: auth_user_groups_id_seq; Type: SEQUENCE SET; Schema: public; Owner: postgres
--

SELECT pg_catalog.setval('"public"."auth_user_groups_id_seq"', 1, false);


--
-- TOC entry 3477 (class 0 OID 0)
-- Dependencies: 224
-- Name: auth_user_id_seq; Type: SEQUENCE SET; Schema: public; Owner: postgres
--

SELECT pg_catalog.setval('"public"."auth_user_id_seq"', 1, true);


--
-- TOC entry 3478 (class 0 OID 0)
-- Dependencies: 228
-- Name: auth_user_user_permissions_id_seq; Type: SEQUENCE SET; Schema: public; Owner: postgres
--

SELECT pg_catalog.setval('"public"."auth_user_user_permissions_id_seq"', 1, false);


--
-- TOC entry 3479 (class 0 OID 0)
-- Dependencies: 230
-- Name: django_admin_log_id_seq; Type: SEQUENCE SET; Schema: public; Owner: postgres
--

SELECT pg_catalog.setval('"public"."django_admin_log_id_seq"', 26, true);


--
-- TOC entry 3480 (class 0 OID 0)
-- Dependencies: 216
-- Name: django_content_type_id_seq; Type: SEQUENCE SET; Schema: public; Owner: postgres
--

SELECT pg_catalog.setval('"public"."django_content_type_id_seq"', 9, true);


--
-- TOC entry 3481 (class 0 OID 0)
-- Dependencies: 214
-- Name: django_migrations_id_seq; Type: SEQUENCE SET; Schema: public; Owner: postgres
--

SELECT pg_catalog.setval('"public"."django_migrations_id_seq"', 23, true);


--
-- TOC entry 3482 (class 0 OID 0)
-- Dependencies: 236
-- Name: services_imagesmodel_id_seq; Type: SEQUENCE SET; Schema: public; Owner: postgres
--

SELECT pg_catalog.setval('"public"."services_imagesmodel_id_seq"', 4, true);


--
-- TOC entry 3483 (class 0 OID 0)
-- Dependencies: 232
-- Name: services_servicemodel_id_seq; Type: SEQUENCE SET; Schema: public; Owner: postgres
--

SELECT pg_catalog.setval('"public"."services_servicemodel_id_seq"', 8, true);


--
-- TOC entry 3484 (class 0 OID 0)
-- Dependencies: 234
-- Name: services_workexamplemodel_id_seq; Type: SEQUENCE SET; Schema: public; Owner: postgres
--

SELECT pg_catalog.setval('"public"."services_workexamplemodel_id_seq"', 3, true);


--
-- TOC entry 3246 (class 2606 OID 16849)
-- Name: auth_group auth_group_name_key; Type: CONSTRAINT; Schema: public; Owner: postgres
--

ALTER TABLE ONLY "public"."auth_group"
    ADD CONSTRAINT "auth_group_name_key" UNIQUE ("name");


--
-- TOC entry 3251 (class 2606 OID 16780)
-- Name: auth_group_permissions auth_group_permissions_group_id_permission_id_0cd325b0_uniq; Type: CONSTRAINT; Schema: public; Owner: postgres
--

ALTER TABLE ONLY "public"."auth_group_permissions"
    ADD CONSTRAINT "auth_group_permissions_group_id_permission_id_0cd325b0_uniq" UNIQUE ("group_id", "permission_id");


--
-- TOC entry 3254 (class 2606 OID 16749)
-- Name: auth_group_permissions auth_group_permissions_pkey; Type: CONSTRAINT; Schema: public; Owner: postgres
--

ALTER TABLE ONLY "public"."auth_group_permissions"
    ADD CONSTRAINT "auth_group_permissions_pkey" PRIMARY KEY ("id");


--
-- TOC entry 3248 (class 2606 OID 16741)
-- Name: auth_group auth_group_pkey; Type: CONSTRAINT; Schema: public; Owner: postgres
--

ALTER TABLE ONLY "public"."auth_group"
    ADD CONSTRAINT "auth_group_pkey" PRIMARY KEY ("id");


--
-- TOC entry 3241 (class 2606 OID 16771)
-- Name: auth_permission auth_permission_content_type_id_codename_01ab375a_uniq; Type: CONSTRAINT; Schema: public; Owner: postgres
--

ALTER TABLE ONLY "public"."auth_permission"
    ADD CONSTRAINT "auth_permission_content_type_id_codename_01ab375a_uniq" UNIQUE ("content_type_id", "codename");


--
-- TOC entry 3243 (class 2606 OID 16735)
-- Name: auth_permission auth_permission_pkey; Type: CONSTRAINT; Schema: public; Owner: postgres
--

ALTER TABLE ONLY "public"."auth_permission"
    ADD CONSTRAINT "auth_permission_pkey" PRIMARY KEY ("id");


--
-- TOC entry 3262 (class 2606 OID 16763)
-- Name: auth_user_groups auth_user_groups_pkey; Type: CONSTRAINT; Schema: public; Owner: postgres
--

ALTER TABLE ONLY "public"."auth_user_groups"
    ADD CONSTRAINT "auth_user_groups_pkey" PRIMARY KEY ("id");


--
-- TOC entry 3265 (class 2606 OID 16795)
-- Name: auth_user_groups auth_user_groups_user_id_group_id_94350c0c_uniq; Type: CONSTRAINT; Schema: public; Owner: postgres
--

ALTER TABLE ONLY "public"."auth_user_groups"
    ADD CONSTRAINT "auth_user_groups_user_id_group_id_94350c0c_uniq" UNIQUE ("user_id", "group_id");


--
-- TOC entry 3256 (class 2606 OID 16755)
-- Name: auth_user auth_user_pkey; Type: CONSTRAINT; Schema: public; Owner: postgres
--

ALTER TABLE ONLY "public"."auth_user"
    ADD CONSTRAINT "auth_user_pkey" PRIMARY KEY ("id");


--
-- TOC entry 3268 (class 2606 OID 16769)
-- Name: auth_user_user_permissions auth_user_user_permissions_pkey; Type: CONSTRAINT; Schema: public; Owner: postgres
--

ALTER TABLE ONLY "public"."auth_user_user_permissions"
    ADD CONSTRAINT "auth_user_user_permissions_pkey" PRIMARY KEY ("id");


--
-- TOC entry 3271 (class 2606 OID 16809)
-- Name: auth_user_user_permissions auth_user_user_permissions_user_id_permission_id_14a6b632_uniq; Type: CONSTRAINT; Schema: public; Owner: postgres
--

ALTER TABLE ONLY "public"."auth_user_user_permissions"
    ADD CONSTRAINT "auth_user_user_permissions_user_id_permission_id_14a6b632_uniq" UNIQUE ("user_id", "permission_id");


--
-- TOC entry 3259 (class 2606 OID 16844)
-- Name: auth_user auth_user_username_key; Type: CONSTRAINT; Schema: public; Owner: postgres
--

ALTER TABLE ONLY "public"."auth_user"
    ADD CONSTRAINT "auth_user_username_key" UNIQUE ("username");


--
-- TOC entry 3274 (class 2606 OID 16830)
-- Name: django_admin_log django_admin_log_pkey; Type: CONSTRAINT; Schema: public; Owner: postgres
--

ALTER TABLE ONLY "public"."django_admin_log"
    ADD CONSTRAINT "django_admin_log_pkey" PRIMARY KEY ("id");


--
-- TOC entry 3236 (class 2606 OID 16729)
-- Name: django_content_type django_content_type_app_label_model_76bd3d3b_uniq; Type: CONSTRAINT; Schema: public; Owner: postgres
--

ALTER TABLE ONLY "public"."django_content_type"
    ADD CONSTRAINT "django_content_type_app_label_model_76bd3d3b_uniq" UNIQUE ("app_label", "model");


--
-- TOC entry 3238 (class 2606 OID 16727)
-- Name: django_content_type django_content_type_pkey; Type: CONSTRAINT; Schema: public; Owner: postgres
--

ALTER TABLE ONLY "public"."django_content_type"
    ADD CONSTRAINT "django_content_type_pkey" PRIMARY KEY ("id");


--
-- TOC entry 3234 (class 2606 OID 16721)
-- Name: django_migrations django_migrations_pkey; Type: CONSTRAINT; Schema: public; Owner: postgres
--

ALTER TABLE ONLY "public"."django_migrations"
    ADD CONSTRAINT "django_migrations_pkey" PRIMARY KEY ("id");


--
-- TOC entry 3286 (class 2606 OID 16905)
-- Name: django_session django_session_pkey; Type: CONSTRAINT; Schema: public; Owner: postgres
--

ALTER TABLE ONLY "public"."django_session"
    ADD CONSTRAINT "django_session_pkey" PRIMARY KEY ("session_key");


--
-- TOC entry 3282 (class 2606 OID 16872)
-- Name: services_imagesmodel services_imagesmodel_pkey; Type: CONSTRAINT; Schema: public; Owner: postgres
--

ALTER TABLE ONLY "public"."services_imagesmodel"
    ADD CONSTRAINT "services_imagesmodel_pkey" PRIMARY KEY ("id");


--
-- TOC entry 3277 (class 2606 OID 16858)
-- Name: services_servicemodel services_servicemodel_pkey; Type: CONSTRAINT; Schema: public; Owner: postgres
--

ALTER TABLE ONLY "public"."services_servicemodel"
    ADD CONSTRAINT "services_servicemodel_pkey" PRIMARY KEY ("id");


--
-- TOC entry 3279 (class 2606 OID 16866)
-- Name: services_workexamplemodel services_workexamplemodel_pkey; Type: CONSTRAINT; Schema: public; Owner: postgres
--

ALTER TABLE ONLY "public"."services_workexamplemodel"
    ADD CONSTRAINT "services_workexamplemodel_pkey" PRIMARY KEY ("id");


--
-- TOC entry 3244 (class 1259 OID 16850)
-- Name: auth_group_name_a6ea08ec_like; Type: INDEX; Schema: public; Owner: postgres
--

CREATE INDEX "auth_group_name_a6ea08ec_like" ON "public"."auth_group" USING "btree" ("name" "varchar_pattern_ops");


--
-- TOC entry 3249 (class 1259 OID 16791)
-- Name: auth_group_permissions_group_id_b120cbf9; Type: INDEX; Schema: public; Owner: postgres
--

CREATE INDEX "auth_group_permissions_group_id_b120cbf9" ON "public"."auth_group_permissions" USING "btree" ("group_id");


--
-- TOC entry 3252 (class 1259 OID 16792)
-- Name: auth_group_permissions_permission_id_84c5c92e; Type: INDEX; Schema: public; Owner: postgres
--

CREATE INDEX "auth_group_permissions_permission_id_84c5c92e" ON "public"."auth_group_permissions" USING "btree" ("permission_id");


--
-- TOC entry 3239 (class 1259 OID 16777)
-- Name: auth_permission_content_type_id_2f476e4b; Type: INDEX; Schema: public; Owner: postgres
--

CREATE INDEX "auth_permission_content_type_id_2f476e4b" ON "public"."auth_permission" USING "btree" ("content_type_id");


--
-- TOC entry 3260 (class 1259 OID 16807)
-- Name: auth_user_groups_group_id_97559544; Type: INDEX; Schema: public; Owner: postgres
--

CREATE INDEX "auth_user_groups_group_id_97559544" ON "public"."auth_user_groups" USING "btree" ("group_id");


--
-- TOC entry 3263 (class 1259 OID 16806)
-- Name: auth_user_groups_user_id_6a12ed8b; Type: INDEX; Schema: public; Owner: postgres
--

CREATE INDEX "auth_user_groups_user_id_6a12ed8b" ON "public"."auth_user_groups" USING "btree" ("user_id");


--
-- TOC entry 3266 (class 1259 OID 16821)
-- Name: auth_user_user_permissions_permission_id_1fbb5f2c; Type: INDEX; Schema: public; Owner: postgres
--

CREATE INDEX "auth_user_user_permissions_permission_id_1fbb5f2c" ON "public"."auth_user_user_permissions" USING "btree" ("permission_id");


--
-- TOC entry 3269 (class 1259 OID 16820)
-- Name: auth_user_user_permissions_user_id_a95ead1b; Type: INDEX; Schema: public; Owner: postgres
--

CREATE INDEX "auth_user_user_permissions_user_id_a95ead1b" ON "public"."auth_user_user_permissions" USING "btree" ("user_id");


--
-- TOC entry 3257 (class 1259 OID 16845)
-- Name: auth_user_username_6821ab7c_like; Type: INDEX; Schema: public; Owner: postgres
--

CREATE INDEX "auth_user_username_6821ab7c_like" ON "public"."auth_user" USING "btree" ("username" "varchar_pattern_ops");


--
-- TOC entry 3272 (class 1259 OID 16841)
-- Name: django_admin_log_content_type_id_c4bce8eb; Type: INDEX; Schema: public; Owner: postgres
--

CREATE INDEX "django_admin_log_content_type_id_c4bce8eb" ON "public"."django_admin_log" USING "btree" ("content_type_id");


--
-- TOC entry 3275 (class 1259 OID 16842)
-- Name: django_admin_log_user_id_c564eba6; Type: INDEX; Schema: public; Owner: postgres
--

CREATE INDEX "django_admin_log_user_id_c564eba6" ON "public"."django_admin_log" USING "btree" ("user_id");


--
-- TOC entry 3284 (class 1259 OID 16907)
-- Name: django_session_expire_date_a5c62663; Type: INDEX; Schema: public; Owner: postgres
--

CREATE INDEX "django_session_expire_date_a5c62663" ON "public"."django_session" USING "btree" ("expire_date");


--
-- TOC entry 3287 (class 1259 OID 16906)
-- Name: django_session_session_key_c0390e0f_like; Type: INDEX; Schema: public; Owner: postgres
--

CREATE INDEX "django_session_session_key_c0390e0f_like" ON "public"."django_session" USING "btree" ("session_key" "varchar_pattern_ops");


--
-- TOC entry 3283 (class 1259 OID 16936)
-- Name: services_imagesmodel_work_example_id_id_ea477d83; Type: INDEX; Schema: public; Owner: postgres
--

CREATE INDEX "services_imagesmodel_work_example_id_id_ea477d83" ON "public"."services_imagesmodel" USING "btree" ("work_example_id_id");


--
-- TOC entry 3280 (class 1259 OID 16884)
-- Name: services_workexamplemodel_service_id_id_90283330; Type: INDEX; Schema: public; Owner: postgres
--

CREATE INDEX "services_workexamplemodel_service_id_id_90283330" ON "public"."services_workexamplemodel" USING "btree" ("service_id_id");


--
-- TOC entry 3289 (class 2606 OID 16786)
-- Name: auth_group_permissions auth_group_permissio_permission_id_84c5c92e_fk_auth_perm; Type: FK CONSTRAINT; Schema: public; Owner: postgres
--

ALTER TABLE ONLY "public"."auth_group_permissions"
    ADD CONSTRAINT "auth_group_permissio_permission_id_84c5c92e_fk_auth_perm" FOREIGN KEY ("permission_id") REFERENCES "public"."auth_permission"("id") DEFERRABLE INITIALLY DEFERRED;


--
-- TOC entry 3290 (class 2606 OID 16781)
-- Name: auth_group_permissions auth_group_permissions_group_id_b120cbf9_fk_auth_group_id; Type: FK CONSTRAINT; Schema: public; Owner: postgres
--

ALTER TABLE ONLY "public"."auth_group_permissions"
    ADD CONSTRAINT "auth_group_permissions_group_id_b120cbf9_fk_auth_group_id" FOREIGN KEY ("group_id") REFERENCES "public"."auth_group"("id") DEFERRABLE INITIALLY DEFERRED;


--
-- TOC entry 3288 (class 2606 OID 16772)
-- Name: auth_permission auth_permission_content_type_id_2f476e4b_fk_django_co; Type: FK CONSTRAINT; Schema: public; Owner: postgres
--

ALTER TABLE ONLY "public"."auth_permission"
    ADD CONSTRAINT "auth_permission_content_type_id_2f476e4b_fk_django_co" FOREIGN KEY ("content_type_id") REFERENCES "public"."django_content_type"("id") DEFERRABLE INITIALLY DEFERRED;


--
-- TOC entry 3291 (class 2606 OID 16801)
-- Name: auth_user_groups auth_user_groups_group_id_97559544_fk_auth_group_id; Type: FK CONSTRAINT; Schema: public; Owner: postgres
--

ALTER TABLE ONLY "public"."auth_user_groups"
    ADD CONSTRAINT "auth_user_groups_group_id_97559544_fk_auth_group_id" FOREIGN KEY ("group_id") REFERENCES "public"."auth_group"("id") DEFERRABLE INITIALLY DEFERRED;


--
-- TOC entry 3292 (class 2606 OID 16796)
-- Name: auth_user_groups auth_user_groups_user_id_6a12ed8b_fk_auth_user_id; Type: FK CONSTRAINT; Schema: public; Owner: postgres
--

ALTER TABLE ONLY "public"."auth_user_groups"
    ADD CONSTRAINT "auth_user_groups_user_id_6a12ed8b_fk_auth_user_id" FOREIGN KEY ("user_id") REFERENCES "public"."auth_user"("id") DEFERRABLE INITIALLY DEFERRED;


--
-- TOC entry 3293 (class 2606 OID 16815)
-- Name: auth_user_user_permissions auth_user_user_permi_permission_id_1fbb5f2c_fk_auth_perm; Type: FK CONSTRAINT; Schema: public; Owner: postgres
--

ALTER TABLE ONLY "public"."auth_user_user_permissions"
    ADD CONSTRAINT "auth_user_user_permi_permission_id_1fbb5f2c_fk_auth_perm" FOREIGN KEY ("permission_id") REFERENCES "public"."auth_permission"("id") DEFERRABLE INITIALLY DEFERRED;


--
-- TOC entry 3294 (class 2606 OID 16810)
-- Name: auth_user_user_permissions auth_user_user_permissions_user_id_a95ead1b_fk_auth_user_id; Type: FK CONSTRAINT; Schema: public; Owner: postgres
--

ALTER TABLE ONLY "public"."auth_user_user_permissions"
    ADD CONSTRAINT "auth_user_user_permissions_user_id_a95ead1b_fk_auth_user_id" FOREIGN KEY ("user_id") REFERENCES "public"."auth_user"("id") DEFERRABLE INITIALLY DEFERRED;


--
-- TOC entry 3295 (class 2606 OID 16831)
-- Name: django_admin_log django_admin_log_content_type_id_c4bce8eb_fk_django_co; Type: FK CONSTRAINT; Schema: public; Owner: postgres
--

ALTER TABLE ONLY "public"."django_admin_log"
    ADD CONSTRAINT "django_admin_log_content_type_id_c4bce8eb_fk_django_co" FOREIGN KEY ("content_type_id") REFERENCES "public"."django_content_type"("id") DEFERRABLE INITIALLY DEFERRED;


--
-- TOC entry 3296 (class 2606 OID 16836)
-- Name: django_admin_log django_admin_log_user_id_c564eba6_fk_auth_user_id; Type: FK CONSTRAINT; Schema: public; Owner: postgres
--

ALTER TABLE ONLY "public"."django_admin_log"
    ADD CONSTRAINT "django_admin_log_user_id_c564eba6_fk_auth_user_id" FOREIGN KEY ("user_id") REFERENCES "public"."auth_user"("id") DEFERRABLE INITIALLY DEFERRED;


--
-- TOC entry 3298 (class 2606 OID 16931)
-- Name: services_imagesmodel services_imagesmodel_work_example_id_id_ea477d83_fk_services_; Type: FK CONSTRAINT; Schema: public; Owner: postgres
--

ALTER TABLE ONLY "public"."services_imagesmodel"
    ADD CONSTRAINT "services_imagesmodel_work_example_id_id_ea477d83_fk_services_" FOREIGN KEY ("work_example_id_id") REFERENCES "public"."services_workexamplemodel"("id") DEFERRABLE INITIALLY DEFERRED;


--
-- TOC entry 3297 (class 2606 OID 16879)
-- Name: services_workexamplemodel services_workexample_service_id_id_90283330_fk_services_; Type: FK CONSTRAINT; Schema: public; Owner: postgres
--

ALTER TABLE ONLY "public"."services_workexamplemodel"
    ADD CONSTRAINT "services_workexample_service_id_id_90283330_fk_services_" FOREIGN KEY ("service_id_id") REFERENCES "public"."services_servicemodel"("id") DEFERRABLE INITIALLY DEFERRED;


-- Completed on 2023-06-07 23:56:41

--
-- PostgreSQL database dump complete
--

